{
  "0": {
    "propiedades": {
      "distancia": 50.0,
      "angulo": 0.39269909262657166,
      "color": [
        1.0,
        1.0,
        1.0
      ],
      "energia": 5.0,
      "rotacion": [
        0.3915248215198517,
        0.8189432621002197,
        -0.15129967033863068,
        -0.3913421630859375
      ],
      "posicion": [
        7.543477535247803,
        4.6163458824157715,
        -7.073881149291992
      ],
      "penumbra": 0.15000000596046448
    },
    "nombre": "Spot",
    "tipo": "SPOT"
  },
  "1": {
    "propiedades": {
      "distancia": 50.0,
      "color": [
        1.0,
        1.0,
        1.0
      ],
      "energia": 1.0,
      "posicion": [
        -2.4900405406951904,
        4.794287204742432,
        2.9513628482818604
      ],
      "rotacion": [
        0.0,
        0.0,
        -0.0,
        1.0
      ]
    },
    "nombre": "Point",
    "tipo": "POINT"
  },
  "2": {
    "propiedades": {
      "color": [
        1.0,
        1.0,
        1.0
      ],
      "energia": 0.10000000149011612
    },
    "nombre": "LuzAmbiental",
    "tipo": "AMBIENT"
  }
}